peptide,CDR3,label
GRIAFFLKY,CASTIAASGYQETQYF,1
FPNIHMETC,CASSQPGGGNTEAFF,1
KRPIPIKYKAM,CSARDRSGTLGGELFF,1
RPIPIKYKA,CSARDRSGTLGGELFF,1
MLSILALVRV,CASIGVSYEQYF,1
SEIISFKSL,CSAKGQGSNYGYTF,1
VSALSRAAEK,CASSMGGLSTF,1
MYIEMLKSI,CASEQRGGVDEKLFF,1
YLVYQMLKV,CSARDEGDSYEQYF,1
RPIPIKYKAM,CASSYWPTTGESTDTQYF,1
LRFLRNGLT,CASSPGQRETQYF,1
VLENFTIFLV,CASSSQELTEAFF,1
LGLARAFGIPV,CASSLAWAPEQYF,1
FVGPLDEDF,CATYSSGANVLTF,1
WSDPLKLTVK,CASSPGGVHQPQHF,1
TADFDITEL,CASRRTGGIGDGYTFG,1
RPIPIKYKAM,CASSEPRTSGISYNEQFF,1
SYKSYSSTF,CASSRDRVYEQFF,1
VMVNHLHKY,CATSDLGLEVDEQFF,1
SYKSYSSTF,CASSRNRETQYF,1
KRPIPIKYKAM,CASSAGQGAYEQYF,1
SLFWNEPAI,CASSIERGGLNTEAFF,1
NYGLGLLQF,CASSRRPGTSGGGTDTQYF,1
SHWAAQVI,CASSVWDTGANVLTF,1
AEHSLQVAY,SVEDRRGPFYGYTF,1
MLICCCCTL,CASSLLTGTTEAFF,1
SVYAGILSYGV,CASSQVGRGRGAFF,1
RPIPIKYKAM,CASGPFRDSVLTLVANVLTF,1
LASYFFWGL,ASSGRSTDTQY,1
SLCAFNPNPHL,CSARGQAGVHEQFF,1
VSALSRAAEK,CASSLDRNTEAFF,1
IYLDLPWYL,CASSLGAINQPQHF,1
QSDNGLDSDY,CASTLSTGQGIYGYTFG,1
MVIGIPVYV,CASSTSTGQGWHYGYTF,1
SAYGEPRKL,CASRLWFWALEAF,1
RPIPIKYKAM,CASSSSSGGAFNEQFF,1
TPWCSPIKV,ASSLDRKAFF,1
KLFEFLVHGV,CASSLGGNPTYNEQFF,1
AIKTSPKANK,SASLRQGTNEQF,1
SEIISFKSL,CASSSRVNGAEAFF,1
NIIFLHEDLTV,CASSPGGTEAFF,1
LSDAFVSV,CASSFLITDTQYF,1
MYTEMLKSI,CSARDITGEVDIQYF,1
MYIEMLKSI,CASSTQKGTDPQETQYF,1
VSALSRAAEK,CASSQNRGGDQYF,1
KRPIPIKYKAM,CATASDLQGDRSTEAFF,1
SEHGFGPSL,CSAMGALSYNEQFF,1
SLFWNEPAI,CASSRGGMSGELFF,1
SVLENFTIFL,CASSDPRGQPNQPQHF,1
NLQREEYTV,ASSTSAANQPQH,1
QTDPVTLQY,ASSLNSGHTQYF,1
TYLPSAWNF,ASSEQGAGAGELF,1
MLICCCCTL,CASSLVMRRLGTEAFF,1
LYPELIASI,CATSFAPGQGEHGYTF,1
KRPIPIKYKAM,CASRLPTTDEKLFF,1
KYIKTWRPRYF,CASSDSWGADGYTF,1
FEADTFFHFV,CAISESWMSSYNEQFF,1
IIFLHEDLTV,CASSLQGGAFF,1
SISAFNLDVV,CASSSVAGITYEQYF,1
LVMPFSIVYI,CASSLSWEYEQYF,1
LMFALAKGRRA,CASSLGQDRERETQYF,1
VSALSRAAEK,CASSTNGGMNTEAFF,1
RQFDITSVSV,CAISGTEDGELFF,1
IYLDLPWYL,CASSDLGTSGINEQYF,1
MLSILALVRV,CASNPGTDFNTGELFF,1
RPSTAEKYIF,CASSDRSYNEQFF,1
YLYDRLLRI,CASSLDQGAQDNEQFF,1
RVRAMTIYKQ,ASSSAWDEKLF,1
QYSPVQATF,CASEQRGGVDEKLFF,1
FTQRWRVSHV,CASSRSGLIDEQFF,1
SVCAGILSYGV,CASSQVGRGRGAFF,1
DYIIRSHKV,CAWSEGDETQYF,1
SEIISFKSL,CASRFPGNQPQHF,1
FIYIFHTL,CSARGTVGENSPLHF,1
ELGHPYLWVL,CASTTTGGNQPQHF,1
LEVVSYAPFTL,CASKEERQPQHF,1
AYRDLQTRK,CASSETGWGAF,1
TVDLQSHWAA,CASSLRQVGSPLHF,1
LYKKHTETF,CASSSRWINTEAFF,1
QLLKGVQKK,ASSLSPNTEAF,1
TPWCSPIKV,ASSLGPVYEQYF,1
SYLDLPWYL,CASSVGQVLGNTEAFF,1
LMFALAKGRRA,CSARDYSNQPQHF,1
AARAVFLAL,CASSEASNTGELFF,1
RVRAMTIYKQ,ASSSYSRGLWQPQH,1
YFFWGLWAL,ASSLIRGSYEQY,1
GRKLFGTHF,CASSLDIGTYEQFFG,1
FTQRWRVSHV,CASSQMAGSYEQYF,1
RVRAMTIYKQ,ASSLRTSGRRGTDTQY,1
RLFLGLAIK,CASSLTRMGDRGEFF,1
RVRAMTIYKQ,ASSEDWDPIQETQY,1
IPVAIKTSPK,ASLRTGANQPQH,1
IYLDLPWYL,CASSLGRGGNQPQHF,1
FLVWDHNPIG,CASSYSGPNYEQYF,1
RTHPGRPFF,CASSLSPPGYLETQYF,1
NLAQTDLATV,CASSHRGSGNTIYF,1
SYKSYSSTF,CASSPFAGELFF,1
ILGGQVVHTV,CAWSSSVNTEAFF,1
MMPFSIVYIV,CSVERGGDEQFF,1
IWDYVNKELA,CAISDPRDSYEQYF,1
EMQLTPFFI,CASSLRVWSSYEQYF,1
LEVVSYAPFTL,CASSLEQGNGYTF,1
SYLDLPWYL,CASSLGPDTQYF,1
ATSPASASK,CASSQDEGLYEKLFF,1
QLLKGVQKK,SARGGQGEETQY,1
RVRAMTIYKQ,ASSRSGMSSYEQY,1
SAYGEPRKL,CASLAGQGYNEQF,1
YLHAYAKAL,CASSLTGSFNEQFF,1
FVNLEQHVV,CASSCWDRSTDTQYF,1
FTQRWRVSHV,CASSRAQFYNEQFF,1
ELGHPYLWVL,CASRSPGQGAYEQYF,1
MLICCCCTL,CSARAFSQAGREDIQYF,1
IPVAIKTSPK,SARDAGVPNEQF,1
GRKLFGTHF,CASSLAGLNTEAFFG,1
MMPFSIVYIV,CATRDSQSSYEQYF,1
RPIPIKYKAM,CASQDSYEQYF,1
TPWCSPIKV,ASGGAIDTDTQYF,1
MYIEMLKSI,CSARDITGEVDIQYF,1
SEIISFKSL,CAISVGGADNEQFF,1
YVVPGSPCL,CASSLTSGRPETQYF,1
SVCAGILSYGV,CASSVVDADTQYF,1
SYKSYSSTF,CASSQEMAEWTDTQYF,1
LVMPFSIVYI,CSAETGRDLEAFF,1
KRKEPLKI,CASSEDEQEYSYEQYF,1
GRIAFSLKY,CASTIAASGYQETQYF,1
AIKTSPKANK,ASSLRTSGRRGTDTQY,1
SEIISFKSL,CSALAGGSTGELFF,1
LMMPFSIVYI,CASSSQTGPYSNQPQHF,1
QLLKGVQKK,ASSPWTSGNSYNEQF,1
QYSPVQATF,CASSLNGGPGTEAFF,1
LMMPFSIVYI,CASSQGLNPGQGLDTEAFF,1
YLVYQMLKV,CASSWTGFTEAFF,1
NILDAIAEI,CASFFSGGGTDTQYFG,1
SVLENFTIFL,CASTQPVDMNTEAFF,1
CEVSNPVSSNW,CASSQELAGRLRHNEQFF,1
ATSPASASK,CASSIPFAFSSYNEQFF,1
AARAVFLAL,CASSYSTGDEQYF,1
KLFEFLVHGV,CASSLGDPNTEAFF,1
SYLDLPWYL,CASSLGRYNEQFF,1
TSLEVVSY,CASSVVTGTASYEQYF,1
KPILWRGLK,CATSRGDRPLHF,1
RVRAMTIYKQ,ASSQDRGLAGVDTQY,1
SYLDLPWYL,CASSLGRGGNQPQHF,1
FAFRWVLGIAY,CATMGSGGNEQFF,1
FPLDVGSIVAY,CASSQDRTGAYSPLHF,1
LLWNTVWNM,CASSSTGGGGELFF,1
ARHIHEGASL,CAISGSLYNEQFF,1
FLAEHEYGL,CASSTGLAGGEQYF,1
QSSPVQATF,CASSLNGGPGTEAFF,1
VSFGLQFQF,CASSYGGPEQFF,1
SYLDLPWYL,CASSLYIYEQYF,1
LMFALAKGRRA,CASGTGPNSPLHF,1
LMMPFSIVYI,CASSLSWEYEQYF,1
VMPFSIVYIV,CASSSDRGEQFF,1
YLVYQMLKV,CASSAGLAGVF,1
VSALSRAAEK,CASSGARIYEQYF,1
VEWLGRCIL,CASSYTGFDGYTF,1
GRIAFFLKY,CASSSRGPTDTQYF,1
FQAQHIAMA,ASSLRSSYEQY,1
FLAEHEYGL,CASSPGLAGGEQYF,1
SLFWNEPAI,CASSLAPYGYTF,1
LMMPFSIVYI,CASSLQGSDNEQFF,1
KRPIPIKYKAM,CASSSSSGGAFNEQFF,1
ATSPASASK,CASSPRTGEVETQYF,1
AIKTSPKANK,ASSEAFRRSQH,1
SEIISFKSL,CASSYFSEAFF,1
TPWCSPIKV,ASSEGHFSGNTIYF,1
VSALSRAAEK,CASSISGGRGTEAFF,1
SSCFERLY,CASSSDRFSLHF,1
TADFDITEL,CASSYGNEQFFG,1
RPIPIKYKAM,CASSLAGTTVYNEQFF,1
FLAEHEYGL,CASRPGLAGGEQYF,1
LEVVSYAPFTL,CASSLDRIRYEQYF,1
TMSFSHLFYL,CASSIDRTVGNTIYF,1
AMDLGIHKV,CASSQEESYEQYFG,1
AAASATLAL,CSAAPQMNTEAFF,1
IYLDLPWYL,CASSLGPDTQYF,1
EALPFFLFF,ASSHQAGALYNEQFF,1
QSDNGLDSDY,CAISGGSVGEQYFG,1
KRPIPIKYKAM,CASQDSYEQYF,1
AIKTSPKANK,ASRGSVNSGNTIY,1
SLFWNEPAI,CASSLSGWGSGNTIYF,1
NILDAIAEI,CASSLGGGRDEQYFG,1
MRTHPGRPFF,CATYSSGANVLTF,1
MRTHPGRPFF,CATSDFQRGEETQYF,1
SLFWNEPAI,CASSQEGGEGLAGVTDTQYF,1
SLFWNEPAI,CASSLGPGSYGYTF,1
ITADVNYNL,CASNPGGRGEKLFF,1
MMPFSIVYIV,CASSLGGLVYNEQFF,1
LLDTVLVNV,CASSADLGTREQYF,1
VSALSRAAEK,CSVSPDGGGTDTQYF,1
KLFEFLVHGV,CASSQGALGYTF,1
RVRAMTIYKQ,ASTMTSGRADTQY,1
FLLPAPYWAR,CSARERTGSSYEQYF,1
SVLENFTILL,CASRIPDRNEQFF,1
SLQTPFPWPPM,CATGANYGYTF,1
QLLKGVQKK,GAGPYNSPLH,1
TMSSSHLFYL,CASSLGGGGPQETQYF,1
IAMAVLYLA,ASSFGTGGYEQY,1
RLFPGLAIK,CASSLTRMGDRGEFF,1
SAYGEPRKL,CASSLAGLAGSNYGYTF,1
PSGSKLTFDY,CATTPPEAFF,1
RPIPIKYKAM,CATASDLQGDRSTEAFF,1
CSSCFERLYF,CSVTGSGSPLHF,1
SLFWNEPAI,CAWSVGRAGDEQYF,1
RRWNFIYIF,CASSQPQGGITEAFF,1
VLENFTIFLV,CASSEGQGYEQYF,1
AMDLGIHKV,CASSDSTAKETQYFG,1
SVYAGILSYGV,CASSVVDADTQYF,1
LVMPFSIVYI,CASSQGLNPGQGLDTEAFF,1
SEIISFKSL,CASSDALAGGKNIQYF,1
TMSFSHLFYL,CASSLGGGGPQETQYF,1
NIIFLHEDLTV,CASSQVGPPTNEKLFF,1
FQVIQPERV,CASSQGQGVLGMKKLFF,1
KLILWRGLK,CATSRGDRPLHF,1
SLFWNEPAI,CASSFQGNTGELFF,1
NYGLGLLQF,CASEQRGGVDEKLFF,1
RPIPIKYKAM,CASSAGQGAYEQYF,1
SEHGFGPSL,CASSYSGFTEAFF,1
GSKLTFDY,CASSSPPGSHYGYTF,1
SYKSYSSTF,CASSYLRRVAGGTNYGYTF,1
GRIAFFLKY,CASSLGNYYQETQYF,1
KLVPSGSKL,CASTPGGGYEQYF,1
ALDYIHHVGYV,CSASLLGEGYEQYF,1
FQAQHIAMA,ASSPGGEGEQY,1
SHWAAQVI,CASSAFQVNQPQHF,1
VMPFSIVYIV,CASSIAVSLAKNIQYF,1
SLFWNEPAI,CASSPDRSGQFF,1
TMSFSHLFYL,CASSPDPSGNEQFF,1
WSDPLKLTV,CASSPAQNQPQHF,1
CSSCFERLYF,CASSLSLEAFF,1
FRLIARLL,CASISGFMGLMNTEAFF,1
AIKTSPKANK,ATKRASDTQY,1
RWAQALYDF,CSGLQGSEAFF,1
SHWAAQVI,CSARSHLVRYNSPLHF,1
VLENFTIFLV,CASSIAQGGNQPQHF,1
SHWAAQVI,CASSDSYNSPLHF,1
VLKNRYLVL,CASSQDTGGYSGNTIYF,1
GRIAFSLKY,CASSLGNYYQETQYF,1
SLFWNEPAI,CASSPFQGAIEQYF,1
AARAVFLAL,CASLGAQNNEQF,1
NILDAIAEI,CSASRADTYEQYFG,1
SHWAAQVI,CASTTNQGANYGYTF,1
IYLDLPWYL,CASSLGRYNEQFF,1
VLLGLWYLQTA,CASSDGTLGNSPLHF,1
ELGHPYLWVL,CSARQGGMNTEAFF,1
SVLENFTIFL,CASRIPDRNEQFF,1
SLLKLGKLPL,CASEDGQLTTVYEQYF,1
AVCPWTWLR,ASSWTGSNYGYT,1
KLYEGCEVV,SAVQGFQSDREAF,1
PYMFLSEWI,CASSIGKTGKLFFG,1
FRSTRFLHI,CASSQDGGFEQFF,1
SEHGFGPSL,CASSFTRGGGNQPQHF,1
GRKLFGTHF,CASSWDSGYEQYFG,1
SHWAAQVI,CASSVKGLANEKLFF,1
WSDPLKLTV,CASSARDRGFLGELFF,1
MMPFSIVYIV,CASRPGQVVYGYTF,1
IIFLHEDLTV,CSVRADRGENSPLHF,1
AMDLGIHKV,CASSFQTGWNEQFFG,1
IPVAIKTSPK,ASSLVGGAGYNEQF,1
FLAEHEYGL,CASSPGLAGGEKYF,1
GRIAFSLKY,CASSWGGAVGDTQYF,1
VEWLGRCIL,CSGKGSGYYNEQFF,1
YLVYQMLKV,CASKPTGGYEQYF,1
MYIEMLKSI,CASSQSTGVWAGELFF,1
SVLENFTIFL,CASSLSWEYEQYF,1
KRPIPIKYKAM,CASGPFRDSVLTLVANVLTF,1
NILDAIAEI,CASSLGQETQYFG,1
ELGHPYLWVL,CAWSGAGGSYNSPLHF,1
IYLDLPWYL,CASSLYIYEQYF,1
LEVVSYAPFTL,CASSERRDRSPLHF,1
VAQFPSQLLTW,ASSMRGEVSTDTQY,1
RPIPIKYKAM,CASSQDRPNYYGYTF,1
RPIPIKYKAM,CASSVGQGSYEQYF,1
RVRAMTIYKQ,ASSSGLAGEWF,1
NILDAIAEI,CASTDTDTQYFG,1
IPVAIKTSPK,SAPRAGAAYNEQF,1
FLAEHEYGL,CASSHGLAGGEQYF,1
VSALSRAAEK,CASSQGQGGVNQPHF,1
AAASATLAL,CASSLSGWEFEQYF,1
KALDYIHHV,CASSPLNPYNEQFF,1
NYGLGLLQF,CASSVGTSGPYQETQYF,1
QYSPVQATF,CASSEQGPTYNEQFF,1
QYNKYVEVF,CASSLVGDREGNQPQHF,1
TLYSLTPLY,ATGTGGNDYEQYF,1
MLICCCCTL,CSARGTRSYEQYF,1
AAASATLAL,CASSQISNYGYTF,1
SRVLHKLEV,CASISDSYNEQFF,1
RPIPIKYKAM,CSARDRSGTLGGELFF,1
VLENFTIFLV,CSVELTTYEQYF,1
YLVYQMLKV,CASSQSYPRRDDTQYF,1
TPWCSPIKV,ASSLIQVGYEQYF,1
WSDPLKLTVK,CASRERGYEQYF,1
PYMFLSEWI,CASSIARVTEAFFG,1
YQYTFPDFLY,SARVRAGEKLF,1
QYNKYVEVF,CASSFLSGGSYNEQFF,1
RLFPGLAIK,CAISDTSGGLWTDTQYF,1
KYTKAFLV,CASSDSRTGGTDTQYF,1
AARAVFLAL,CASSIETSPSYEQYF,1
WSDPLKLTV,CATSPGTANEKLFF,1
GRIAFFLKY,CASSWGGAVGDTQYF,1
TVCSSCFERLY,CASGGTGGQPQHF,1
MLSILALVRV,CASSYARDRNTEAFF,1
QYNKYVEVF,CASSDLGTSGINEQYF,1
MMPFSIVYIV,CSVEQGGDTQYF,1
KRPIPIKYKAM,CASSEPRTSGISYNEQFF,1
WSDPLKLTVK,CASSLGGETYEQYF,1
VSALSRAAEK,CASSSTGALEKLFF,1
RVRAMTIYKQ,ASSPGTGDEKLF,1
SYLDLPWYL,CASSLGAINQPQHF,1
SAYGEPRKL,CASSLEKW,1
QLLKGVQKK,ASSFLGGQPQH,1
IYLDLPWYL,CSASGPGMSSSYNEQFF,1
RLFLGLAIK,CAISDTSGGLWTDTQYF,1
RPIPIKYKAM,CASRLPTTDEKLFF,1
QLLKGVQKK,SAREREYEQY,1
NYGLGLLQF,CASSLWWLNYGYTF,1
RPIPIKYKAM,CASSPGGGAYEQYF,1
RVRAMTIYKQ,ASSPKGSYEQY,1
ATSPASASK,CASSIGGVDTQYF,1
AMDLGIHKV,CASSLGGGRDTQYFG,1
LAVFPNIHM,CASSSGQGFTDTQYF,1
GRIAFSLKY,CASSSRGPTDTQYF,1
NILDAIAEI,CASSPIAGGTDTQYFG,1
VLENFTIFLV,CASAGPGRNQPQHF,1
MMPFSIVYIV,CASSQADHYEQYF,1
VLENFTILLV,CASAGPGRNQPQHF,1
QYSPVQATF,CASSPVLAPETQYF,1
QYNKYVEVF,CASTDLNADTQYF,1
IYLDLPWYL,CASSVGQVLGNTEAFF,1
GRIAFFLKY,CASSLGTSGTYEQYF,0
FPNIHMETC,CASSLSAGYNEQFF,0
KRPIPIKYKAM,CASSSGTSGYEQYF,0
RPIPIKYKA,CASSYWEGTSYEQYF,0
MLSILALVRV,CATWDRLPSGANVLTF,0
SEIISFKSL,CASRFRINQPQHF,0
VSALSRAAEK,CASSPSAGVGYTF,0
MYIEMLKSI,CASSYSRTGDGGDYGYTF,0
YLVYQMLKV,CASSRTGYPSSYNEQFF,0
RPIPIKYKAM,CASSQGGVKEQFF,0
LRFLRNGLT,CSARQGTDTQYF,0
VLENFTIFLV,CSASITGQGAFLQYF,0
LGLARAFGIPV,CASSVEGSTFSYNEQFF,0
FVGPLDEDF,CASSFPDGRSGNTIYF,0
WSDPLKLTVK,CASSFGPGNQPQHF,0
TADFDITEL,CASSEGLAGTDTQYF,0
RPIPIKYKAM,CASRRGGSNQPQHF,0
SYKSYSSTF,CASSFLAQGVYEQYF,0
VMVNHLHKY,CASRDPWGSTEAFF,0
SYKSYSSTF,CASSLVLGKGIVFGNTIYF,0
KRPIPIKYKAM,CASLIWGRQSEKLFF,0
SLFWNEPAI,CATGPTYEQYF,0
NYGLGLLQF,CASAPSDRERETQYF,0
SHWAAQVI,CASSLSGELFF,0
AEHSLQVAY,CASSLRGLVAGELFF,0
MLICCCCTL,CSVPEDSPDTQYF,0
SVYAGILSYGV,CSAPLEETDTQYF,0
RPIPIKYKAM,CASSYVVAGADTQYF,0
LASYFFWGL,CAWSRTSSTGELFF,0
SLCAFNPNPHL,CASSPRRRSEFDIQYF,0
VSALSRAAEK,CAWREMGENTQYF,0
IYLDLPWYL,CASSQVPPRTSGGGYEQYF,0
QSDNGLDSDY,CASSQEGGQGTFQYF,0
MVIGIPVYV,CASRGGNPNQPQHF,0
SAYGEPRKL,CASSPDREGYNSPLHF,0
RPIPIKYKAM,CASSLGAGGPSYTDTQYF,0
TPWCSPIKV,CSVEDLQMGHTDTQYF,0
KLFEFLVHGV,CASSDPGRLGEKLFF,0
AIKTSPKANK,CASSLGQGYTF,0
SEIISFKSL,CASSDLQGGYNEQFF,0
NIIFLHEDLTV,CASSQGSRAQETQYF,0
LSDAFVSV,CASSRVPGATNEKLFF,0
MYTEMLKSI,CSVEPENSYEQYF,0
MYIEMLKSI,CASSPYNEQFF,0
VSALSRAAEK,CASSFQGNIQYF,0
KRPIPIKYKAM,CASSEGTSGDTDTQYF,0
SEHGFGPSL,CSPQGILGTDTQYF,0
SLFWNEPAI,CASSRPVRTSGACEQYF,0
SVLENFTIFL,CASSQSRDPSQYF,0
NLQREEYTV,CASSPPVQPENIQYF,0
QTDPVTLQY,CASSQDGTGAFNEQFF,0
TYLPSAWNF,CASSQPTGGVYSPLHF,0
MLICCCCTL,CASSFGLARADTQYF,0
LYPELIASI,CASSFGSSGNTIYF,0
KRPIPIKYKAM,CASSLDARGSGQYF,0
KYIKTWRPRYF,CASSQGLAGDEQYF,0
FEADTFFHFV,CSARGLDSYEQYF,0
IIFLHEDLTV,CASSLAGAGTQETQYF,0
SISAFNLDVV,CASGTGLAGNSGANVLTF,0
LVMPFSIVYI,CASSPGTSGLEQFF,0
LMFALAKGRRA,CASSISRQSHNQPQHF,0
VSALSRAAEK,CASSLEFSSYEQYF,0
RQFDITSVSV,CAISEPLQKGGNYGYTF,0
IYLDLPWYL,CASSLSPLTEAFF,0
MLSILALVRV,CASSAKPREGSTDTQYF,0
RPSTAEKYIF,CSARDIAYQPQHF,0
YLYDRLLRI,CASSLVREHGEQFF,0
RVRAMTIYKQ,CSARGSSGSLMVRELFF,0
QYSPVQATF,CAAGTGVTYEQYF,0
FTQRWRVSHV,CAISESMAGVEPLHF,0
SVCAGILSYGV,CASSFNDNPNQPQHF,0
DYIIRSHKV,CASSFSVDPGGAFSYEQYF,0
SEIISFKSL,CASSLGRADYEQYF,0
FIYIFHTL,CASRTTSGSYEQYF,0
ELGHPYLWVL,CASTDRAAGEPFF,0
LEVVSYAPFTL,CASSEALRSTDTQYF,0
AYRDLQTRK,CASSSPIGGAVANTGELFF,0
TVDLQSHWAA,CASSSRTSSYNEQFF,0
LYKKHTETF,CASSPRSEGELFF,0
QLLKGVQKK,CASSFILGGRQGYTF,0
TPWCSPIKV,CSTRGGGAGVEAFF,0
SYLDLPWYL,CASSLPGREASETQYF,0
LMFALAKGRRA,CASSYLRTVTNEKLFF,0
AARAVFLAL,CASSQDKVTEAFF,0
RVRAMTIYKQ,CAWSRPYSGRASYEQYF,0
YFFWGLWAL,CASNKGPRNTEAFF,0
GRKLFGTHF,CASSYPTRPSAEYQETQYF,0
FTQRWRVSHV,CASSEPKHVPKVGELFF,0
RVRAMTIYKQ,CASSFTNTGELFF,0
RLFLGLAIK,CASSFPLGTTGGETQYF,0
RVRAMTIYKQ,CASSMSTPGGDEQFF,0
IPVAIKTSPK,CASSFGGSHYEQYF,0
IYLDLPWYL,CAWSKSGSYLEQFF,0
FLVWDHNPIG,CASSPPSIGQGEGYTF,0
RTHPGRPFF,CASSQDIGRDYGYTF,0
NLAQTDLATV,CASSTANTEAFF,0
SYKSYSSTF,CSVIGTELPQHF,0
ILGGQVVHTV,CASSLWLASSNEQFF,0
MMPFSIVYIV,CASSLKVGGELFF,0
IWDYVNKELA,CSASGTDPLPADTQYF,0
EMQLTPFFI,CASTPTKRDQPQHF,0
LEVVSYAPFTL,CATSRGLTGGMFF,0
SYLDLPWYL,CSAVGREGLMYEQYF,0
ATSPASASK,CASSEPRGGVDEQFF,0
QLLKGVQKK,CASSGGVREKLFF,0
RVRAMTIYKQ,CASSLVGGGNQPQHF,0
SAYGEPRKL,CSAAGLAGGPTGTDTQYF,0
YLHAYAKAL,CASSLTTGTPGTQYF,0
FVNLEQHVV,CARSLSTGELFF,0
FTQRWRVSHV,CASSPPSSVFGNTIYF,0
ELGHPYLWVL,CASSLLTGTPNYGYTF,0
MLICCCCTL,CASSYRPSGTGELFF,0
IPVAIKTSPK,CSARDHARGAFF,0
GRKLFGTHF,CASSLGLGSYNEQFF,0
MMPFSIVYIV,CASSPRTAYNEQFF,0
RPIPIKYKAM,CASSQGGRSYEQYF,0
TPWCSPIKV,CASSFFRQGSNEQFF,0
MYIEMLKSI,CATSGFSSYEQYF,0
SEIISFKSL,CAWRGDRGQPQHF,0
YVVPGSPCL,CASSSTGTGLSSYEQYF,0
SVCAGILSYGV,CASSLGALDEQFF,0
SYKSYSSTF,CASSPEAGDYNEQFF,0
LVMPFSIVYI,CATSRDPAGSGKTQYF,0
KRKEPLKI,CASSPAGGNFYEQYF,0
GRIAFSLKY,CSASGAGTSGYEQYF,0
AIKTSPKANK,CASSHRDPDEPQHF,0
SEIISFKSL,CASSQDRTGSYEQYF,0
LMMPFSIVYI,CASKVGTSGSEQYF,0
QLLKGVQKK,CASSLLVAGNNEQFF,0
QYSPVQATF,CASSINPTRGSAEAFF,0
LMMPFSIVYI,CASSRPALSGGPPYEQYF,0
YLVYQMLKV,CASSQGSQGVWYEQYF,0
NILDAIAEI,CASSEPQLGSYEQYF,0
SVLENFTIFL,CASTQDPTGAGELFF,0
CEVSNPVSSNW,CASAQVLPPDTQYF,0
ATSPASASK,CASSQQDGNSPLHF,0
AARAVFLAL,CASSSAPTGGMEPQHF,0
KLFEFLVHGV,CASSPGTGGGYEQYF,0
SYLDLPWYL,CASSQTDNEQFF,0
TSLEVVSY,CSAQGESSNEQFF,0
KPILWRGLK,CSARDLIYGDRPNTGELFF,0
RVRAMTIYKQ,CASSQPKIIGTGLAYEQYF,0
SYLDLPWYL,CASSLISSNQPQHF,0
FAFRWVLGIAY,CASSHNRRGGGKLFF,0
FPLDVGSIVAY,CASSLPDGGNNEKLFF,0
LLWNTVWNM,CASSEHRTDYEQYF,0
ARHIHEGASL,CASGLRDRGYEQYF,0
FLAEHEYGL,CATSEKINYNEQFF,0
QSSPVQATF,CASSPRGGLHF,0
VSFGLQFQF,CAWARLALDEQYF,0
SYLDLPWYL,CASSYFPGAKGTEAFF,0
LMFALAKGRRA,CASSQGEALSGNTIYF,0
LMMPFSIVYI,CASSQDGEGDNEQFF,0
VMPFSIVYIV,CASSLEGLRGATTHYEQYF,0
YLVYQMLKV,CATSDGALREQFF,0
VSALSRAAEK,CASSLEGQGFGYEQYF,0
VEWLGRCIL,CASRYPGQDFQPQHF,0
GRIAFFLKY,CASRQGTANTDTQYF,0
FQAQHIAMA,CATTASGSWNTGELFF,0
FLAEHEYGL,CASYGRPYEQYF,0
SLFWNEPAI,CASSDVFGGTGELFF,0
LMMPFSIVYI,CASNPVTAGDTQYF,0
KRPIPIKYKAM,CASSQDRQGARYEQYF,0
ATSPASASK,CASSPWRDREESTGNTIYF,0
AIKTSPKANK,CASSLTSRNEQFF,0
SEIISFKSL,CSGRGASGGNEQFF,0
TPWCSPIKV,CASSNLGQETQYF,0
VSALSRAAEK,CASSPRPFPLPEQYF,0
SSCFERLY,CASSLGQHLGDEAFF,0
TADFDITEL,CASSQGTYEQYF,0
RPIPIKYKAM,CSASSRGYGNNEQFF,0
FLAEHEYGL,CASSLRRSYYEQYF,0
LEVVSYAPFTL,CASSLFSAGLYGYTF,0
TMSFSHLFYL,CASSLGQAYEQYF,0
AMDLGIHKV,CSARETGLAHTQYF,0
AAASATLAL,CASTPGAGLQHF,0
IYLDLPWYL,CASSLYGPPGTDTQYF,0
EALPFFLFF,CASSLDVAGGPREQFF,0
QSDNGLDSDY,CASSQAVLAGGWYEQFF,0
KRPIPIKYKAM,CASSFSRGSEAFF,0
AIKTSPKANK,CASIPGLYNEQFF,0
SLFWNEPAI,CAWSFLPGQGAYGYTF,0
NILDAIAEI,CASSFRLATDTQYF,0
MRTHPGRPFF,CSAERPGDNQPQHF,0
MRTHPGRPFF,CASSIPLDNQPQHF,0
SLFWNEPAI,CASSLSTGTYEQYF,0
SLFWNEPAI,CASSPLHGMNTGELFF,0
ITADVNYNL,CASSPSGTYEQYF,0
MMPFSIVYIV,CASSLASDTEAFF,0
LLDTVLVNV,CASSLDLPGQGQETQYF,0
VSALSRAAEK,CASSHRGSEQYF,0
KLFEFLVHGV,CASSFSGGPSGQPQHF,0
RVRAMTIYKQ,CASSLVRGAAETQYF,0
FLLPAPYWAR,CASSRGGPKTDTQYF,0
SVLENFTILL,CASTFSNFNNEQFF,0
SLQTPFPWPPM,CASSLESSYEQYF,0
QLLKGVQKK,CASSWKREISYEQFF,0
TMSSSHLFYL,CASSSSQGNGSPLHF,0
IAMAVLYLA,CASSIGELQETQYF,0
RLFPGLAIK,CASSVGGNTEAFF,0
SAYGEPRKL,CASNSPPLGNTIYF,0
PSGSKLTFDY,CASSAGGNGELFF,0
RPIPIKYKAM,CASSLPERTQYF,0
CSSCFERLYF,CASSFRGSYNEQFF,0
SLFWNEPAI,CATNRLTPQETQYF,0
RRWNFIYIF,CASSPGRGHGYTF,0
VLENFTIFLV,CSVLGEGNNEQFF,0
AMDLGIHKV,CSAPQLGTNTGELFF,0
SVYAGILSYGV,CASSLPSAVSYNEQFF,0
LVMPFSIVYI,CASSQEDRGLGNTIYF,0
SEIISFKSL,CASSLLAGEDIQYF,0
TMSFSHLFYL,CSVGAGINAGYTF,0
NIIFLHEDLTV,CASSPPSKGEQYF,0
FQVIQPERV,CASSQEEASGLGIQYF,0
KLILWRGLK,CASSLADRGGEAFF,0
SLFWNEPAI,CASSSETTSGRANNEQFF,0
NYGLGLLQF,CASSQVHGGTGENTQYF,0
RPIPIKYKAM,CASSLNLAGNEQFF,0
SEHGFGPSL,CASSGTSGSTDTQYF,0
GSKLTFDY,CASSQWTGPTYEQYF,0
SYKSYSSTF,CASSRGTIEYEQYF,0
GRIAFFLKY,CASRDSLAETQYF,0
KLVPSGSKL,CASSEFTEAFF,0
ALDYIHHVGYV,CACGTGGTGELFF,0
FQAQHIAMA,CASSEVGTDTYEQYF,0
SHWAAQVI,CASSYAASGRNEQYF,0
VMPFSIVYIV,CASSLEGFTDTQYF,0
SLFWNEPAI,CASSQAAFGVSGEQYF,0
TMSFSHLFYL,CASSLVVRGWGEQYF,0
WSDPLKLTV,CASSYGSAGRAFF,0
CSSCFERLYF,CASSASGTYTDTQYF,0
FRLIARLL,CASSPGRAEAFF,0
AIKTSPKANK,CSARDPGFNEQYF,0
RWAQALYDF,CASSLSAWVGYTF,0
SHWAAQVI,CAISQGDGSEKLFF,0
VLENFTIFLV,CASSLVTLDTQYF,0
SHWAAQVI,CASSLPTGQASPLHF,0
VLKNRYLVL,CSAGGQPPQETQYF,0
GRIAFSLKY,CASSPQGFPEAFF,0
SLFWNEPAI,CASSVRSGVTSPSTDTQYF,0
AARAVFLAL,CASSLDSSYEQYF,0
NILDAIAEI,CASSLAASFRETQYF,0
SHWAAQVI,CASSLVGSPSDEQFF,0
IYLDLPWYL,CATKKGVRDQPQHF,0
VLLGLWYLQTA,CASGQSGSANEKLFF,0
ELGHPYLWVL,CSARVGGGGGEAFF,0
SVLENFTIFL,CASSLALPTGELFF,0
SLLKLGKLPL,CSVELGDHTGELFF,0
AVCPWTWLR,CSARGSGTRRRNQETQYF,0
KLYEGCEVV,CASSHGLTTATNEKLFF,0
PYMFLSEWI,CASSLDPDYEQYF,0
FRSTRFLHI,CAWSLGLQGYGYTF,0
SEHGFGPSL,CASSLAGEVTNEKLFF,0
GRKLFGTHF,CASSFATGDTQYF,0
SHWAAQVI,CASSPDHSPLHF,0
WSDPLKLTV,CASTPGYTGELFF,0
MMPFSIVYIV,CASSLFTAGDTEAFF,0
IIFLHEDLTV,CSAREDTQYF,0
AMDLGIHKV,CASSYAEVAEAFF,0
IPVAIKTSPK,CSAPPLAFRRTQETQYF,0
FLAEHEYGL,CASRLQGEAGELFF,0
GRIAFSLKY,CANSRGEHYEQYF,0
VEWLGRCIL,CASSPGTGGEKLFF,0
YLVYQMLKV,CASSIDVHDTGELFF,0
MYIEMLKSI,CASSDLVPHQETQYF,0
SVLENFTIFL,CASSLAPATSSYNEQFF,0
KRPIPIKYKAM,CASSFRVNGHTIYF,0
NILDAIAEI,CSVDWSGSHTDTQYF,0
ELGHPYLWVL,CASSWGTRGATNEKLFF,0
IYLDLPWYL,CASSQGGGYEQYF,0
LEVVSYAPFTL,CASSPFQERGMGEAFF,0
VAQFPSQLLTW,CASSYEYLAGSYEQYF,0
RPIPIKYKAM,CASSSGYEQFF,0
RPIPIKYKAM,CSVLSGDEQFF,0
RVRAMTIYKQ,CASSEPRTSGTETQYF,0
NILDAIAEI,CASSLEGQVNLGGAEAFF,0
IPVAIKTSPK,CASSTGHQSLGYTF,0
FLAEHEYGL,CASSAGSGGRETQYF,0
VSALSRAAEK,CASSLPQQLNTEAFF,0
AAASATLAL,CAISGQGGLYEQYF,0
KALDYIHHV,CASADRGGDEQYF,0
NYGLGLLQF,CASSLETDTQYF,0
QYSPVQATF,CASSTGTGAYEQYF,0
QYNKYVEVF,CASSQLYDSTTYEQYF,0
TLYSLTPLY,CASSLGQGQGAGGYTF,0
MLICCCCTL,CASSLGGQGRPNQPQHF,0
AAASATLAL,CASSLGRRAIYEQYF,0
SRVLHKLEV,CSSSPRLSLSNTEAFF,0
RPIPIKYKAM,CASSYQRGKNYEQYF,0
VLENFTIFLV,CSAKTGDTYEQYF,0
YLVYQMLKV,CASSRRTDSSGANVLTF,0
TPWCSPIKV,CASSSGQGGTEAFF,0
WSDPLKLTVK,CAWSAHVTEAAFF,0
PYMFLSEWI,CASLPRVVLTNTEAFF,0
YQYTFPDFLY,CASSFGGVGYNEQFF,0
QYNKYVEVF,CSADSPLSYEQYF,0
RLFPGLAIK,CASSPPSGRVSGNTIYF,0
KYTKAFLV,CASRQWPSGDYEQYF,0
AARAVFLAL,CAMGTSGYEQYF,0
WSDPLKLTV,CASTPLGQSLYEQYF,0
GRIAFFLKY,CASSQDFKSYNEKLFF,0
TVCSSCFERLY,CASSQEPLYSGNTIYF,0
MLSILALVRV,CASSFLGPRSSYEQYF,0
QYNKYVEVF,CASSYSSVRQNTEAFF,0
MMPFSIVYIV,CASIGIKVPGRTQYF,0
KRPIPIKYKAM,CSARVALAGGQNYYNEQFF,0
WSDPLKLTVK,CASSLGNTKAGYTF,0
VSALSRAAEK,CASSLSTASYEQYF,0
RVRAMTIYKQ,CASSPPLYGYGTDTQYF,0
SYLDLPWYL,CASSLGNSPLHF,0
SAYGEPRKL,CASSQTYEQYF,0
QLLKGVQKK,CASSHGLVDTQYF,0
IYLDLPWYL,CASSLGWGDSTYEQYF,0
RLFLGLAIK,CSSSYSRREQFF,0
RPIPIKYKAM,CASSFDSLELFF,0
QLLKGVQKK,CSVSLRANYEQYF,0
NYGLGLLQF,CASSPGTSGTDTQYF,0
RPIPIKYKAM,CAWSGTAGWVSEQFF,0
RVRAMTIYKQ,CAYHTMPQHF,0
ATSPASASK,CASSQGPGELFF,0
AMDLGIHKV,CASSSGLAGYNEQFF,0
LAVFPNIHM,CAWNLRGALYNEQFF,0
GRIAFSLKY,CASSQEGQKGHTSPLHF,0
NILDAIAEI,CASSYDRGNEQFF,0
VLENFTIFLV,CASSPARFGGNTEAFF,0
MMPFSIVYIV,CSARGQPNQPQHF,0
VLENFTILLV,CSAVQSGPKSDTQYF,0
QYSPVQATF,CASSQGGGTDTQYF,0
QYNKYVEVF,CASSRDRGSEQYF,0
IYLDLPWYL,CASSFSLEQFF,0
